{"cameraMode":{"drawMode":0,"name":"Shaded","section":"Shading Mode"},"sceneLighting":true,"audioPlay":false,"sceneViewState":{"m_AlwaysRefresh":false,"showFog":true,"showSkybox":true,"showFlares":true,"showImageEffects":true,"showParticleSystems":true,"showVisualEffectGraphs":true,"m_FxEnabled":true},"in2DMode":false,"pivot":{"x":0.17000001668930055,"y":12.020000457763672,"z":-1.5700000524520875},"rotation":{"x":-0.15237879753112794,"y":0.06577201187610626,"z":-0.01014688890427351,"w":-0.9861201643943787},"size":0.4330126941204071,"orthographic":false}